user_id,song_id,timestamp,duration_sec
u20,s95,2025-04-06 08:23:54,88
u1,s93,2025-04-06 12:41:20,230
u5,s71,2025-04-08 02:38:31,73
u9,s94,2025-03-21 23:12:48,125
u3,s9,2025-03-27 12:35:48,207
u5,s75,2025-04-02 21:00:14,151
u19,s38,2025-04-01 08:18:53,130
u18,s90,2025-04-13 21:02:36,298
u6,s79,2025-03-15 13:57:29,250
u8,s61,2025-04-03 07:49:46,126
u17,s66,2025-03-23 20:21:58,258
u19,s41,2025-04-01 22:34:53,281
u6,s20,2025-03-18 04:11:40,191
u20,s50,2025-04-08 12:48:01,101
u7,s94,2025-03-16 01:26:40,131
u1,s52,2025-03-21 11:05:35,121
u19,s22,2025-03-15 13:04:18,249
u9,s54,2025-04-06 13:52:54,51
u1,s74,2025-03-26 01:22:56,183
u4,s16,2025-03-17 21:30:29,170
u6,s19,2025-03-22 17:53:27,162
u17,s79,2025-03-23 17:09:27,74
u9,s67,2025-03-24 03:47:22,32
u15,s36,2025-03-28 11:29:10,180
u14,s35,2025-04-04 09:07:27,208
u13,s53,2025-03-15 21:19:18,206
u17,s95,2025-03-21 08:21:11,188
u17,s67,2025-04-06 23:47:00,209
u9,s42,2025-04-09 09:09:35,289
u15,s48,2025-04-02 00:20:04,58
u2,s49,2025-03-19 07:07:44,279
u2,s87,2025-04-09 15:03:58,244
u11,s27,2025-03-23 14:45:30,152
u16,s82,2025-03-28 07:14:57,240
u13,s24,2025-04-09 05:04:23,151
u14,s29,2025-03-17 01:34:28,222
u12,s3,2025-04-07 20:06:56,237
u14,s86,2025-03-28 16:53:32,78
u16,s36,2025-03-19 08:38:58,156
u3,s27,2025-03-16 09:17:07,246
u2,s98,2025-03-18 18:21:00,42
u14,s92,2025-03-24 19:55:27,56
u3,s35,2025-03-22 20:57:46,291
u5,s22,2025-04-01 09:45:48,281
u6,s88,2025-03-15 03:01:22,277
u11,s47,2025-04-05 23:02:17,211
u13,s45,2025-03-22 06:03:57,238
u11,s31,2025-03-16 23:30:41,291
u15,s33,2025-03-30 22:46:11,151
u15,s47,2025-03-17 00:07:05,275
u15,s49,2025-03-20 18:24:39,120
u18,s69,2025-03-26 05:47:36,113
u2,s82,2025-04-13 18:55:22,150
u3,s90,2025-04-03 03:30:20,160
u6,s91,2025-04-01 02:41:02,77
u5,s97,2025-03-28 17:39:51,125
u18,s42,2025-04-07 04:36:40,196
u20,s76,2025-03-20 20:26:21,235
u13,s97,2025-04-04 07:24:13,209
u9,s85,2025-04-11 07:14:27,251
u11,s22,2025-03-18 18:43:21,213
u15,s87,2025-04-09 02:59:14,52
u15,s34,2025-03-21 15:44:02,272
u17,s23,2025-03-22 10:55:10,277
u17,s69,2025-03-21 17:35:19,133
u15,s22,2025-03-15 07:44:49,138
u1,s29,2025-04-02 01:58:28,68
u18,s23,2025-04-09 15:29:00,91
u12,s53,2025-04-08 21:59:54,66
u5,s22,2025-04-13 01:29:59,111
u14,s56,2025-03-31 02:15:53,35
u2,s23,2025-03-30 00:15:14,164
u15,s6,2025-03-18 00:48:57,53
u2,s46,2025-03-19 23:07:58,276
u14,s81,2025-03-17 18:16:12,236
u12,s73,2025-03-31 09:11:09,36
u20,s70,2025-03-20 08:25:25,57
u13,s1,2025-03-29 23:07:43,81
u11,s35,2025-03-21 20:09:43,171
u6,s26,2025-04-01 16:18:25,170
u14,s36,2025-03-20 17:07:01,175
u6,s46,2025-04-03 10:41:06,109
u10,s88,2025-03-26 06:15:40,195
u3,s72,2025-03-23 11:12:21,133
u20,s95,2025-03-21 08:42:16,195
u8,s31,2025-04-07 11:02:25,186
u8,s83,2025-03-18 20:36:09,262
u4,s48,2025-03-15 06:59:17,121
u5,s83,2025-03-19 00:08:33,264
u16,s73,2025-03-31 10:41:00,64
u2,s11,2025-03-20 20:26:36,157
u16,s96,2025-03-24 23:51:09,109
u16,s22,2025-03-24 20:31:22,71
u4,s80,2025-04-12 18:51:47,144
u12,s24,2025-03-15 05:49:25,50
u3,s51,2025-03-29 08:19:11,262
u11,s54,2025-03-20 00:52:28,87
u8,s54,2025-03-31 19:18:17,237
u13,s51,2025-04-09 19:51:16,58
u18,s8,2025-04-08 19:55:34,211
u10,s27,2025-04-11 01:27:29,264
u11,s49,2025-03-21 18:41:15,201
u15,s11,2025-03-15 19:15:38,151
u20,s66,2025-03-31 08:03:42,268
u8,s7,2025-03-30 10:21:28,115
u15,s39,2025-03-18 10:59:42,72
u19,s29,2025-03-26 07:29:50,117
u16,s60,2025-04-11 17:12:32,47
u3,s55,2025-03-23 13:54:57,208
u13,s48,2025-03-15 01:52:58,220
u14,s46,2025-03-15 12:56:22,276
u16,s12,2025-03-25 02:57:38,228
u4,s14,2025-03-29 21:49:54,222
u4,s41,2025-03-21 17:21:04,133
u16,s84,2025-03-15 10:46:16,63
u8,s57,2025-04-13 22:08:10,59
u13,s89,2025-03-23 12:46:12,169
u10,s60,2025-03-22 07:24:23,93
u3,s33,2025-04-02 19:26:29,113
u6,s100,2025-04-06 19:20:13,185
u3,s66,2025-04-07 10:12:08,121
u4,s8,2025-03-15 01:36:16,271
u10,s57,2025-03-24 19:41:49,281
u12,s13,2025-03-18 09:52:21,245
u11,s24,2025-04-03 15:02:31,53
u5,s13,2025-04-06 01:28:35,292
u17,s57,2025-04-09 23:37:00,233
u12,s50,2025-03-16 21:24:03,100
u16,s24,2025-03-31 05:18:53,166
u18,s94,2025-04-06 08:13:55,215
u7,s54,2025-04-03 06:55:09,154
u14,s34,2025-04-05 09:09:36,117
u5,s70,2025-03-16 11:00:39,286
u2,s56,2025-03-18 07:55:58,215
u18,s13,2025-04-04 09:12:32,31
u13,s24,2025-03-16 00:31:25,73
u19,s13,2025-04-05 20:45:28,122
u9,s2,2025-04-06 02:37:22,178
u14,s87,2025-03-25 05:28:27,160
u15,s53,2025-03-23 04:28:44,240
u8,s67,2025-04-01 03:54:48,121
u6,s45,2025-03-18 03:07:59,63
u7,s16,2025-03-15 19:13:50,63
u5,s69,2025-04-13 11:17:21,186
u12,s87,2025-03-20 00:55:14,98
u6,s43,2025-04-02 13:35:33,264
u16,s66,2025-03-26 15:59:03,121
u14,s57,2025-04-06 06:30:26,285
u13,s88,2025-04-11 20:37:37,51
u4,s99,2025-03-21 19:15:17,39
u8,s90,2025-03-31 21:31:25,69
u13,s44,2025-04-06 22:16:43,109
u1,s38,2025-04-09 09:22:30,100
u1,s10,2025-04-11 18:34:43,211
u1,s75,2025-03-23 10:15:25,133
u13,s84,2025-04-07 16:02:20,230
u3,s55,2025-04-09 16:25:22,113
u19,s66,2025-03-24 17:48:21,173
u7,s23,2025-03-20 03:21:05,112
u10,s42,2025-04-07 02:43:47,169
u13,s40,2025-03-30 05:29:40,58
u14,s43,2025-03-28 20:44:35,242
u7,s2,2025-03-15 14:42:31,283
u13,s55,2025-03-19 13:55:50,202
u3,s86,2025-04-05 04:55:04,264
u13,s24,2025-03-17 06:59:17,209
u9,s9,2025-04-03 15:33:53,266
u2,s9,2025-03-19 11:25:59,214
u3,s73,2025-03-31 11:15:50,268
u4,s37,2025-03-31 18:52:39,235
u1,s98,2025-04-05 03:44:42,185
u1,s91,2025-04-03 02:58:09,187
u12,s75,2025-03-22 06:20:20,125
u3,s23,2025-04-03 03:30:08,184
u3,s76,2025-03-19 14:38:52,279
u7,s76,2025-03-26 12:07:12,238
u2,s50,2025-03-17 03:06:02,168
u18,s20,2025-04-05 05:45:59,65
u20,s89,2025-03-17 02:48:14,190
u10,s17,2025-03-24 14:05:21,187
u16,s84,2025-04-05 09:35:21,286
u4,s30,2025-03-28 09:06:10,58
u12,s41,2025-03-19 21:51:45,152
u6,s76,2025-03-27 18:50:37,83
u18,s4,2025-04-11 11:07:51,165
u3,s15,2025-04-12 11:07:45,91
u4,s46,2025-03-23 13:04:23,129
u4,s20,2025-03-21 05:27:07,230
u18,s49,2025-03-22 03:12:38,231
u8,s100,2025-04-13 01:57:57,163
u6,s88,2025-04-10 14:24:59,207
u19,s37,2025-03-16 22:58:31,261
u4,s61,2025-04-02 13:04:56,273
u6,s82,2025-04-06 19:55:14,265
u12,s10,2025-04-03 09:53:08,146
u7,s89,2025-04-01 18:30:51,265
u13,s57,2025-04-04 22:49:37,196
u4,s7,2025-03-25 23:23:26,155
u5,s8,2025-04-04 14:19:58,102
u14,s86,2025-04-07 12:47:30,273
u13,s48,2025-03-26 18:30:31,77
u15,s71,2025-03-22 19:08:27,128
u2,s74,2025-04-13 14:20:48,214
u8,s83,2025-04-11 23:13:42,262
u6,s6,2025-03-29 18:43:14,159
u7,s70,2025-04-02 11:51:13,41
u14,s68,2025-03-22 05:14:23,31
u4,s56,2025-04-11 15:32:15,292
u14,s94,2025-04-01 05:02:57,158
u8,s86,2025-04-10 05:11:44,190
u2,s14,2025-03-28 15:14:36,125
u4,s34,2025-03-26 14:47:31,34
u6,s57,2025-03-28 06:29:50,260
u6,s73,2025-04-12 14:11:51,228
u15,s1,2025-03-25 01:06:53,234
u3,s23,2025-03-22 19:08:50,226
u16,s87,2025-03-16 16:26:46,156
u8,s17,2025-04-09 01:08:50,285
u11,s4,2025-03-26 03:25:11,257
u4,s88,2025-03-23 12:29:08,35
u3,s5,2025-03-27 16:33:33,59
u11,s54,2025-03-24 21:29:49,288
u8,s61,2025-04-03 13:21:00,96
u18,s47,2025-03-19 14:36:36,39
u10,s22,2025-04-08 23:30:01,113
u1,s15,2025-03-19 03:54:37,121
u1,s99,2025-04-12 23:35:55,177
u3,s52,2025-03-26 07:20:25,270
u4,s89,2025-04-09 11:46:07,157
u15,s58,2025-04-05 20:43:24,172
u16,s75,2025-04-04 01:46:15,270
u16,s63,2025-03-16 18:01:50,100
u17,s89,2025-04-05 01:32:48,91
u14,s43,2025-03-17 21:16:11,295
u12,s82,2025-04-09 12:05:42,116
u1,s37,2025-03-22 09:03:11,70
u7,s78,2025-03-26 17:08:27,182
u14,s25,2025-04-05 13:12:36,47
u5,s24,2025-03-31 15:00:20,277
u9,s49,2025-04-09 20:23:36,188
u16,s44,2025-03-31 14:12:51,262
u4,s75,2025-04-08 06:23:58,194
u15,s93,2025-04-04 23:19:42,193
u16,s84,2025-04-11 05:50:13,193
u5,s90,2025-03-22 14:01:39,229
u17,s23,2025-03-15 00:28:38,63
u7,s60,2025-04-08 19:48:11,263
u11,s12,2025-03-28 17:03:52,128
u17,s53,2025-04-06 13:04:58,253
u17,s47,2025-04-11 15:46:12,46
u1,s42,2025-04-09 05:50:18,128
u10,s20,2025-03-16 11:41:47,71
u12,s20,2025-04-09 18:38:11,275
u1,s42,2025-04-01 06:34:21,231
u4,s18,2025-03-18 20:07:44,219
u6,s67,2025-03-25 04:10:56,138
u15,s58,2025-03-15 06:18:51,298
u16,s89,2025-03-31 16:19:27,44
u11,s41,2025-04-07 03:22:21,274
u8,s51,2025-03-17 08:31:55,133
u18,s56,2025-04-08 15:00:18,30
u3,s30,2025-03-22 12:38:15,68
u8,s8,2025-03-16 17:59:56,273
u17,s16,2025-03-22 08:04:06,221
u8,s88,2025-04-02 09:38:38,45
u9,s27,2025-04-13 07:26:00,245
u3,s20,2025-04-05 11:42:20,37
u8,s36,2025-03-24 22:33:04,191
u6,s86,2025-04-11 11:26:43,160
u15,s85,2025-04-10 14:50:26,35
u20,s72,2025-04-09 10:41:51,182
u5,s49,2025-04-01 22:31:41,153
u15,s55,2025-04-09 08:38:18,271
u16,s70,2025-04-13 02:24:29,197
u11,s62,2025-03-15 18:11:59,191
u3,s21,2025-03-16 02:43:41,231
u20,s59,2025-04-07 09:36:36,153
u16,s64,2025-03-23 04:50:12,173
u4,s72,2025-04-11 03:13:45,116
u10,s60,2025-03-30 08:54:16,208
u2,s43,2025-03-29 02:21:15,204
u7,s57,2025-04-09 18:58:12,152
u3,s35,2025-03-31 05:51:18,259
u6,s17,2025-03-22 11:22:46,141
u13,s24,2025-03-31 18:25:32,223
u6,s76,2025-04-05 16:33:45,40
u18,s37,2025-03-23 03:16:39,124
u3,s29,2025-03-22 23:44:04,212
u13,s45,2025-04-02 10:30:18,110
u2,s54,2025-04-03 19:24:36,175
u2,s84,2025-04-09 02:44:47,258
u8,s40,2025-04-11 07:06:38,158
u2,s20,2025-04-10 15:20:10,134
u6,s24,2025-04-03 01:27:13,184
u12,s80,2025-03-24 20:11:41,107
u4,s55,2025-04-01 02:28:06,123
u16,s63,2025-03-17 05:34:27,68
u8,s91,2025-03-27 11:12:18,83
u11,s55,2025-03-16 22:48:53,144
u7,s71,2025-03-18 19:11:52,241
u12,s33,2025-03-23 06:16:10,291
u11,s97,2025-04-04 01:47:26,45
u5,s63,2025-03-16 19:13:53,169
u15,s55,2025-04-04 16:39:59,220
u9,s7,2025-03-27 19:53:55,132
u10,s53,2025-03-23 07:00:24,139
u20,s93,2025-04-05 19:52:45,61
u5,s64,2025-04-08 03:29:33,138
u14,s77,2025-04-10 20:37:54,190
u18,s67,2025-03-16 19:26:13,294
u7,s8,2025-04-05 04:31:00,140
u7,s2,2025-04-11 02:41:40,226
u1,s69,2025-04-02 15:24:27,76
u15,s80,2025-04-05 11:13:20,174
u13,s14,2025-03-25 02:21:31,164
u18,s57,2025-03-19 17:18:46,263
u14,s81,2025-04-01 01:20:50,50
u8,s27,2025-03-24 00:35:04,186
u10,s89,2025-03-30 01:34:18,200
u15,s58,2025-04-04 13:18:05,198
u5,s49,2025-03-18 05:13:21,34
u7,s5,2025-03-15 21:04:53,136
u17,s9,2025-04-02 15:04:53,194
u7,s8,2025-04-11 16:40:49,282
u7,s25,2025-04-01 07:17:36,130
u10,s63,2025-04-04 15:32:46,204
u17,s17,2025-03-23 18:50:26,190
u13,s83,2025-03-16 14:44:13,257
u4,s7,2025-03-24 02:30:59,212
u18,s38,2025-03-26 03:11:13,261
u3,s24,2025-04-08 04:20:25,91
u4,s86,2025-03-31 02:46:16,115
u8,s99,2025-03-31 11:33:29,91
u4,s46,2025-03-30 11:20:32,80
u4,s1,2025-04-04 22:33:22,155
u4,s12,2025-03-20 19:57:46,222
u10,s90,2025-03-29 01:43:28,227
u4,s85,2025-03-16 19:54:33,138
u7,s83,2025-03-31 08:47:10,250
u14,s91,2025-03-31 14:11:58,74
u3,s14,2025-03-28 10:13:21,124
u9,s87,2025-04-02 06:02:56,94
u6,s14,2025-03-21 19:49:27,69
u4,s75,2025-04-06 15:45:40,228
u5,s98,2025-03-24 08:22:19,181
u7,s68,2025-03-19 07:13:02,203
u12,s83,2025-03-20 08:09:16,156
u15,s96,2025-03-23 05:31:42,276
u9,s51,2025-04-11 14:08:00,219
u9,s94,2025-04-02 13:11:50,298
u5,s69,2025-03-18 16:03:10,88
u5,s92,2025-03-15 16:29:11,290
u15,s22,2025-04-07 15:03:11,30
u9,s16,2025-03-24 02:39:13,75
u3,s45,2025-04-13 11:28:57,126
u2,s61,2025-03-30 16:05:33,234
u16,s54,2025-03-17 06:34:27,125
u16,s26,2025-04-05 12:50:40,285
u11,s40,2025-03-29 02:05:19,188
u1,s8,2025-03-19 15:17:44,267
u9,s4,2025-04-05 08:55:07,64
u19,s86,2025-04-13 18:00:25,60
u10,s85,2025-04-11 03:15:28,179
u1,s44,2025-03-24 02:14:37,62
u15,s20,2025-04-04 21:12:28,83
u1,s26,2025-03-19 17:11:06,133
u19,s76,2025-03-31 12:49:10,63
u5,s68,2025-04-02 12:18:53,55
u15,s84,2025-04-04 22:10:24,126
u13,s39,2025-04-08 12:38:34,37
u20,s100,2025-03-31 03:05:38,193
u5,s57,2025-03-15 05:55:10,204
u15,s88,2025-04-04 19:40:57,279
u13,s96,2025-04-06 02:46:52,86
u19,s79,2025-03-21 04:51:05,238
u8,s48,2025-04-01 22:13:18,244
u7,s10,2025-03-19 11:06:08,142
u20,s59,2025-04-07 00:32:23,250
u9,s28,2025-03-15 08:20:46,174
u19,s17,2025-03-23 11:40:40,117
u14,s70,2025-04-01 03:19:47,199
u16,s68,2025-04-10 03:09:36,194
u19,s35,2025-03-22 13:53:21,173
u17,s83,2025-03-27 12:55:57,130
u11,s93,2025-03-20 11:48:53,138
u5,s52,2025-04-09 10:09:51,99
u17,s61,2025-03-27 01:13:39,43
u5,s100,2025-03-21 22:32:14,249
u3,s54,2025-04-06 04:56:23,203
u4,s94,2025-03-31 14:10:51,218
u14,s75,2025-03-15 17:23:26,135
u11,s71,2025-03-22 05:34:42,209
u15,s17,2025-04-04 07:06:25,166
u5,s36,2025-04-04 01:10:46,141
u2,s1,2025-03-22 22:07:12,228
u13,s3,2025-03-23 04:31:00,285
u11,s18,2025-04-12 11:58:39,196
u14,s46,2025-04-03 06:36:41,264
u20,s61,2025-03-28 08:23:36,118
u16,s28,2025-04-01 15:50:44,72
u20,s27,2025-04-03 08:40:04,103
u2,s29,2025-03-19 09:18:55,81
u20,s66,2025-03-20 23:48:35,51
u20,s85,2025-03-21 07:05:28,262
u13,s32,2025-03-31 02:28:11,205
u13,s78,2025-04-10 19:53:59,262
u8,s24,2025-03-23 09:14:51,144
u16,s16,2025-03-27 21:03:40,54
u5,s16,2025-04-08 10:29:35,229
u18,s95,2025-03-23 19:31:39,154
u12,s20,2025-04-05 15:13:06,238
u4,s25,2025-03-20 23:58:26,31
u14,s11,2025-04-06 21:37:16,278
u6,s63,2025-03-25 12:44:19,192
u7,s83,2025-03-17 20:42:23,89
u15,s32,2025-04-09 08:24:19,233
u17,s56,2025-03-16 05:33:01,254
u17,s21,2025-03-24 18:50:20,67
u17,s48,2025-04-11 12:17:47,247
u16,s63,2025-04-09 17:32:32,196
u5,s51,2025-03-20 08:50:03,268
u4,s24,2025-03-29 16:00:56,33
u15,s59,2025-03-26 12:47:38,231
u19,s82,2025-03-31 22:56:17,220
u18,s14,2025-03-19 23:31:48,36
u17,s88,2025-03-28 03:36:22,271
u9,s92,2025-04-08 07:13:15,139
u17,s57,2025-04-04 19:34:29,121
u1,s18,2025-03-23 09:26:26,203
u9,s47,2025-04-09 11:23:08,113
u1,s11,2025-04-11 11:58:26,220
u2,s70,2025-03-25 10:23:38,139
u13,s45,2025-03-22 15:16:15,67
u6,s66,2025-03-18 15:08:23,98
u19,s13,2025-04-09 23:54:58,240
u10,s55,2025-04-09 05:42:03,221
u16,s22,2025-03-31 19:23:51,276
u11,s61,2025-03-16 06:12:28,193
u6,s70,2025-04-11 12:10:52,54
u12,s31,2025-04-01 02:18:41,109
u20,s82,2025-03-25 07:13:46,267
u8,s55,2025-04-02 10:17:00,204
u14,s12,2025-03-15 08:51:15,175
u12,s100,2025-03-15 10:48:04,106
u13,s99,2025-04-05 12:13:31,159
u2,s52,2025-03-30 08:52:36,79
u1,s91,2025-04-07 04:41:06,277
u19,s70,2025-03-30 07:08:06,143
u12,s3,2025-03-22 15:49:55,259
u17,s14,2025-03-30 21:04:13,171
u10,s63,2025-03-26 20:57:27,160
u9,s43,2025-03-31 13:55:51,64
u10,s65,2025-04-09 02:55:31,107
u20,s39,2025-03-26 04:30:16,258
u1,s14,2025-04-08 05:26:05,73
u13,s32,2025-03-19 14:08:36,247
u1,s85,2025-04-11 02:15:35,135
u15,s79,2025-04-12 03:40:16,50
u7,s4,2025-04-09 09:08:53,120
u19,s2,2025-03-26 15:21:41,271
u13,s78,2025-04-01 22:21:13,295
u17,s49,2025-04-08 10:48:10,239
u20,s82,2025-03-24 05:49:05,190
u12,s50,2025-03-27 17:49:49,130
u4,s24,2025-03-22 10:12:47,66
u17,s96,2025-03-22 01:45:46,98
u19,s73,2025-03-20 04:55:19,79
u17,s96,2025-04-01 20:26:51,266
u17,s58,2025-03-28 19:35:13,118
u15,s31,2025-03-16 13:51:08,55
u10,s100,2025-04-05 08:24:59,181
u4,s55,2025-03-21 23:51:34,63
u13,s100,2025-03-19 02:24:32,290
u8,s14,2025-04-11 03:23:31,191
u18,s19,2025-04-05 22:32:19,267
u19,s29,2025-04-04 20:39:19,91
u11,s54,2025-04-13 21:13:46,182
u18,s92,2025-03-18 04:00:43,215
u5,s73,2025-04-01 03:51:16,159
u17,s74,2025-03-29 13:21:48,240
u13,s58,2025-03-21 23:22:04,139
u3,s39,2025-04-11 03:53:50,51
u12,s23,2025-03-23 14:44:25,240
u2,s24,2025-03-17 03:37:27,284
u13,s89,2025-03-31 23:28:53,141
u8,s93,2025-04-05 12:51:31,64
u10,s42,2025-04-08 04:16:25,239
u3,s61,2025-04-08 11:39:57,282
u10,s27,2025-04-10 04:53:43,33
u3,s10,2025-03-27 02:02:18,238
u19,s53,2025-03-15 16:16:19,33
u9,s15,2025-03-28 16:27:23,72
u15,s15,2025-03-16 18:14:22,133
u15,s79,2025-04-11 13:19:13,32
u7,s26,2025-04-04 21:39:34,242
u3,s20,2025-04-10 18:43:28,132
u11,s27,2025-03-25 13:17:06,103
u6,s11,2025-03-18 06:39:48,195
u18,s54,2025-03-30 23:21:27,61
u8,s59,2025-04-05 20:50:19,149
u14,s3,2025-04-03 09:58:42,103
u5,s28,2025-03-17 12:58:01,105
u6,s52,2025-03-29 19:17:25,242
u1,s34,2025-03-21 21:45:39,80
u4,s50,2025-04-12 18:48:48,196
u8,s75,2025-03-31 14:57:46,235
u5,s2,2025-04-09 00:21:29,230
u4,s30,2025-04-10 07:37:57,152
u16,s44,2025-03-19 17:51:14,266
u15,s81,2025-03-16 11:13:35,115
u20,s7,2025-03-16 09:52:19,238
u4,s60,2025-04-10 03:43:33,175
u20,s7,2025-04-05 17:03:11,218
u12,s100,2025-04-10 15:37:32,229
u17,s52,2025-03-23 20:17:58,146
u13,s87,2025-03-22 03:14:10,212
u20,s78,2025-03-31 09:54:27,185
u15,s9,2025-04-12 07:04:39,35
u14,s75,2025-03-23 03:43:18,258
u10,s49,2025-03-16 09:35:47,95
u19,s97,2025-04-08 02:27:36,102
u1,s12,2025-04-02 03:12:16,270
u11,s96,2025-03-29 06:55:17,249
u17,s44,2025-03-25 12:35:13,283
u19,s74,2025-04-03 05:59:50,298
u12,s21,2025-03-22 20:37:53,234
u17,s31,2025-03-16 11:24:07,159
u4,s15,2025-04-05 02:53:13,135
u18,s85,2025-04-03 13:41:49,95
u5,s87,2025-04-09 11:12:48,262
u3,s4,2025-03-25 08:54:08,177
u13,s37,2025-04-03 00:52:38,220
u14,s52,2025-04-12 08:30:28,255
u9,s69,2025-03-22 17:39:33,201
u2,s31,2025-03-21 15:56:59,221
u1,s59,2025-04-06 05:02:07,292
u5,s61,2025-04-01 09:41:07,175
u17,s14,2025-04-13 02:12:01,186
u7,s100,2025-04-11 16:18:45,67
u14,s66,2025-04-12 01:52:57,87
u5,s36,2025-04-03 21:06:11,96
u6,s66,2025-04-02 13:41:37,266
u10,s31,2025-03-29 16:38:03,72
u6,s33,2025-03-26 15:03:15,98
u20,s40,2025-04-09 22:29:12,189
u13,s3,2025-03-30 21:54:05,265
u8,s88,2025-03-24 06:12:24,184
u13,s25,2025-04-10 12:24:44,56
u10,s59,2025-03-22 20:32:41,31
u8,s67,2025-04-08 06:27:55,46
u1,s95,2025-04-03 07:45:11,188
u18,s46,2025-03-15 04:45:41,262
u5,s27,2025-03-28 00:05:53,99
u3,s88,2025-04-03 12:49:37,250
u12,s20,2025-03-20 07:04:10,287
u11,s8,2025-04-12 11:34:50,43
u6,s39,2025-04-12 17:18:13,253
u2,s68,2025-04-13 15:26:47,238
u6,s1,2025-04-10 08:04:05,143
u12,s35,2025-03-27 04:08:09,218
u2,s41,2025-03-24 23:43:11,176
u4,s98,2025-04-02 08:08:32,40
u20,s7,2025-04-03 10:04:59,54
u4,s47,2025-04-07 03:28:00,258
u17,s16,2025-03-22 18:16:09,244
u2,s40,2025-04-03 06:39:24,90
u12,s38,2025-03-28 23:07:16,231
u6,s86,2025-03-31 00:09:09,69
u6,s75,2025-04-01 18:01:31,122
u18,s19,2025-03-24 17:37:54,290
u19,s90,2025-03-25 04:15:15,76
u16,s50,2025-03-19 12:55:12,60
u14,s28,2025-04-11 12:33:14,91
u1,s49,2025-03-22 08:13:24,161
u10,s59,2025-04-03 23:14:40,195
u12,s18,2025-04-09 00:56:11,189
u3,s64,2025-03-28 03:23:25,259
u7,s82,2025-03-25 15:50:59,125
u9,s80,2025-03-25 18:44:59,132
u17,s98,2025-04-07 13:47:28,34
u5,s64,2025-03-26 04:13:51,300
u18,s65,2025-04-10 03:25:56,291
u4,s24,2025-04-10 17:33:52,272
u2,s98,2025-03-30 18:03:46,69
u19,s44,2025-03-24 07:33:58,81
u7,s22,2025-04-12 11:17:43,193
u6,s31,2025-04-06 02:08:32,236
u2,s75,2025-04-09 09:13:16,95
u7,s25,2025-04-11 14:02:38,202
u18,s24,2025-04-05 10:01:06,193
u5,s61,2025-03-29 21:44:06,162
u12,s97,2025-03-23 12:09:13,202
u1,s99,2025-04-11 09:28:11,255
u5,s26,2025-04-02 02:00:05,209
u1,s88,2025-04-12 21:28:12,77
u7,s32,2025-03-26 06:55:10,254
u11,s23,2025-03-26 23:56:54,124
u4,s67,2025-04-02 22:16:12,83
u1,s100,2025-04-11 02:06:20,187
u5,s11,2025-03-17 08:29:55,181
u19,s18,2025-04-05 13:23:55,198
u10,s69,2025-03-23 01:21:04,212
u20,s98,2025-03-28 05:03:57,246
u15,s76,2025-03-21 02:41:02,265
u3,s80,2025-03-17 03:38:01,72
u20,s6,2025-03-23 17:23:54,164
u10,s78,2025-03-30 22:10:44,214
u3,s82,2025-03-23 04:40:19,92
u8,s66,2025-04-09 02:24:55,201
u12,s9,2025-03-18 09:24:58,118
u18,s56,2025-04-08 21:14:36,82
u8,s69,2025-03-20 09:53:24,218
u18,s85,2025-04-01 08:44:55,243
u16,s2,2025-03-19 21:26:39,62
u19,s20,2025-03-26 23:49:35,42
u16,s72,2025-04-12 06:27:25,60
u1,s92,2025-03-26 15:16:28,298
u3,s47,2025-04-02 15:44:03,121
u1,s22,2025-04-01 00:58:48,278
u15,s69,2025-04-03 16:39:44,71
u11,s72,2025-03-26 21:41:12,183
u13,s18,2025-03-30 07:21:58,198
u11,s90,2025-03-29 08:53:20,187
u10,s59,2025-04-05 03:01:16,216
u18,s2,2025-03-20 02:10:39,135
u1,s55,2025-03-26 02:23:16,113
u6,s91,2025-04-13 19:58:52,80
u1,s10,2025-03-25 21:05:36,160
u14,s58,2025-03-25 07:22:30,172
u5,s100,2025-03-25 18:58:48,95
u19,s35,2025-04-04 01:49:41,215
u16,s80,2025-03-31 02:19:39,112
u9,s93,2025-03-29 18:40:26,238
u11,s60,2025-04-02 22:27:34,178
u11,s34,2025-03-29 16:40:43,53
u7,s95,2025-03-16 00:46:02,70
u17,s57,2025-03-21 12:09:20,294
u16,s76,2025-03-31 14:40:56,136
u2,s75,2025-04-04 06:47:20,250
u5,s92,2025-04-12 15:18:42,222
u9,s15,2025-03-22 05:43:36,107
u8,s86,2025-04-10 17:56:24,210
u2,s83,2025-03-19 16:14:37,288
u7,s56,2025-03-29 05:00:46,222
u20,s40,2025-03-16 12:02:38,44
u12,s35,2025-04-11 16:34:26,136
u1,s78,2025-03-26 14:15:14,243
u16,s85,2025-04-06 18:10:12,127
u16,s80,2025-03-15 21:57:18,206
u12,s19,2025-04-03 00:54:51,247
u14,s16,2025-03-17 12:46:00,282
u1,s77,2025-03-21 19:54:55,266
u7,s13,2025-04-01 17:39:36,191
u8,s23,2025-04-02 02:43:44,244
u19,s78,2025-03-21 05:47:29,163
u9,s75,2025-03-17 11:28:25,154
u18,s54,2025-03-24 09:23:48,191
u15,s22,2025-03-27 21:42:50,242
u9,s20,2025-03-17 04:57:33,203
u2,s61,2025-04-04 07:13:08,81
u6,s50,2025-04-09 22:57:46,218
u2,s48,2025-04-05 23:26:58,257
u4,s99,2025-04-08 04:58:29,91
u5,s63,2025-03-22 19:19:31,66
u20,s48,2025-03-17 04:11:18,101
u10,s38,2025-03-25 02:16:22,294
u13,s33,2025-03-18 07:41:05,218
u11,s78,2025-03-17 23:34:28,291
u11,s17,2025-04-12 19:34:00,131
u11,s46,2025-03-26 00:20:47,272
u9,s77,2025-04-04 21:49:25,189
u3,s27,2025-03-29 01:48:38,63
u6,s5,2025-03-29 19:22:03,52
u4,s100,2025-03-18 06:16:27,290
u19,s5,2025-04-12 03:31:53,272
u11,s4,2025-03-16 16:33:33,105
u8,s54,2025-03-16 05:35:09,37
u6,s37,2025-04-02 18:31:39,190
u6,s56,2025-04-02 10:07:48,113
u12,s46,2025-03-29 06:14:16,113
u2,s13,2025-03-15 08:13:12,124
u8,s70,2025-04-11 09:28:43,197
u16,s38,2025-03-17 17:13:31,184
u5,s50,2025-04-04 23:48:09,255
u10,s88,2025-03-20 10:41:21,125
u1,s69,2025-03-25 11:49:10,184
u18,s81,2025-03-31 14:33:01,183
u17,s43,2025-04-06 02:44:20,122
u18,s76,2025-04-04 10:55:32,137
u12,s18,2025-03-25 13:47:48,147
u14,s26,2025-04-07 10:33:46,266
u18,s53,2025-04-11 21:23:56,227
u12,s91,2025-04-11 10:24:38,197
u19,s86,2025-04-02 05:40:09,169
u9,s97,2025-04-01 10:21:47,125
u9,s6,2025-03-16 18:21:50,57
u11,s79,2025-03-20 10:10:50,195
u1,s95,2025-04-03 06:47:39,176
u4,s74,2025-03-27 20:56:38,196
u8,s58,2025-03-25 01:03:56,265
u3,s3,2025-03-31 11:39:15,49
u15,s61,2025-04-04 10:07:04,60
u10,s21,2025-03-28 15:37:15,56
u14,s66,2025-04-13 22:03:44,41
u2,s32,2025-04-13 17:31:38,110
u13,s33,2025-03-18 15:08:03,99
u11,s65,2025-04-03 20:57:43,72
u17,s1,2025-03-28 12:15:52,300
u3,s41,2025-03-26 12:40:26,114
u9,s85,2025-03-23 02:31:15,138
u6,s86,2025-04-05 07:25:01,221
u11,s63,2025-03-31 16:48:06,296
u2,s46,2025-03-28 04:21:43,55
u20,s39,2025-03-19 03:23:55,112
u16,s100,2025-03-18 03:18:23,223
u18,s50,2025-03-19 17:45:55,144
u11,s15,2025-04-04 08:01:44,53
u4,s94,2025-03-29 07:59:09,223
u16,s62,2025-03-19 04:19:49,294
u6,s7,2025-03-22 09:28:56,286
u9,s35,2025-03-28 07:09:07,38
u15,s52,2025-04-05 04:45:11,30
u18,s99,2025-04-07 19:50:15,254
u12,s100,2025-03-31 08:27:21,264
u1,s63,2025-04-06 21:40:38,266
u1,s55,2025-04-11 09:57:48,294
u15,s57,2025-03-25 22:21:01,236
u14,s16,2025-03-21 07:47:20,227
u13,s81,2025-04-05 21:59:01,128
u3,s37,2025-04-03 05:53:19,238
u5,s69,2025-03-18 17:45:52,118
u20,s76,2025-03-30 03:53:26,273
u18,s86,2025-03-18 22:13:30,219
u17,s1,2025-03-31 12:59:01,198
u13,s32,2025-03-20 01:37:14,36
u19,s15,2025-04-12 18:18:26,201
u3,s58,2025-03-21 22:07:11,100
u13,s69,2025-04-05 14:58:05,42
u3,s96,2025-03-26 20:20:14,116
u20,s2,2025-03-26 05:17:27,185
u5,s52,2025-03-24 11:09:53,120
u2,s12,2025-04-10 22:59:19,39
u4,s43,2025-04-02 04:02:59,300
u10,s16,2025-03-23 22:22:05,292
u14,s59,2025-03-20 15:12:41,162
u7,s7,2025-04-06 10:17:01,42
u5,s60,2025-03-30 19:00:11,276
u19,s56,2025-03-22 02:49:30,173
u13,s79,2025-04-09 23:50:42,132
u2,s37,2025-03-19 18:50:46,192
u5,s34,2025-03-26 23:15:59,213
u13,s13,2025-03-18 07:40:10,122
u6,s70,2025-04-01 13:31:15,49
u18,s20,2025-03-18 11:45:01,90
u8,s46,2025-04-09 01:11:07,198
u18,s21,2025-03-15 07:06:04,231
u15,s29,2025-04-06 02:25:36,39
u18,s17,2025-03-20 13:05:23,34
u15,s51,2025-03-18 20:37:29,43
u12,s54,2025-03-17 22:49:12,203
u3,s93,2025-04-08 13:50:07,112
u12,s43,2025-04-05 03:32:01,99
u1,s41,2025-04-07 03:42:01,31
u8,s40,2025-04-10 03:20:26,48
u13,s64,2025-03-21 16:44:18,139
u17,s90,2025-04-03 19:49:15,170
u12,s29,2025-03-27 08:07:37,234
u1,s93,2025-03-24 00:04:43,87
u3,s51,2025-03-17 18:53:06,200
u15,s43,2025-03-15 02:31:41,186
u1,s67,2025-04-07 12:08:36,47
u1,s48,2025-03-19 15:20:40,299
u4,s77,2025-03-21 19:09:28,106
u14,s25,2025-03-24 20:31:25,37
u4,s60,2025-03-18 20:24:56,105
u2,s38,2025-03-15 03:57:44,245
u19,s50,2025-04-08 05:54:02,288
u15,s96,2025-04-13 21:43:08,177
u13,s43,2025-04-06 01:32:38,205
u12,s91,2025-04-02 04:35:27,128
u14,s98,2025-04-05 21:19:02,299
u9,s33,2025-03-29 09:21:11,261
u14,s37,2025-03-27 20:25:28,238
u9,s85,2025-04-10 00:01:00,276
u19,s18,2025-03-18 16:21:39,135
u13,s97,2025-04-09 15:01:29,160
u9,s72,2025-03-31 13:36:21,198
u19,s37,2025-04-11 17:40:30,259
u17,s31,2025-04-04 15:57:54,64
u4,s57,2025-03-25 12:17:25,38
u18,s30,2025-03-25 04:10:08,145
u16,s73,2025-03-16 07:24:47,259
u4,s6,2025-04-13 09:01:20,183
u17,s46,2025-03-24 18:26:47,135
u10,s38,2025-04-05 23:24:53,185
u16,s69,2025-04-04 16:22:57,90
u20,s89,2025-03-26 18:04:12,41
u5,s37,2025-04-06 12:43:22,252
u8,s29,2025-04-08 19:18:01,72
u11,s2,2025-04-06 18:30:28,166
u3,s99,2025-04-06 10:49:22,193
u7,s64,2025-03-20 09:49:22,212
u15,s1,2025-03-22 18:00:51,146
u19,s14,2025-03-17 12:58:49,157
u7,s90,2025-03-25 17:47:14,283
u10,s78,2025-04-01 22:48:58,119
u7,s24,2025-04-01 22:49:11,256
u1,s74,2025-04-03 15:03:49,170
u12,s28,2025-03-20 12:59:19,180
u10,s43,2025-03-25 17:11:23,276
u10,s53,2025-04-04 20:22:21,61
u16,s90,2025-03-20 01:04:30,99
u10,s67,2025-03-25 11:31:47,276
u18,s86,2025-03-17 07:17:34,247
u5,s8,2025-03-31 09:50:49,213
u9,s92,2025-04-10 19:58:21,157
u12,s68,2025-04-09 17:13:00,300
u11,s45,2025-03-19 00:10:09,97
u2,s89,2025-03-24 13:34:44,31
u20,s58,2025-03-20 21:05:05,192
u19,s29,2025-03-30 15:46:33,35
u9,s56,2025-04-12 23:21:21,99
u15,s89,2025-03-26 04:19:00,56
u9,s25,2025-03-25 21:54:41,210
u9,s18,2025-03-15 13:01:50,46
u19,s60,2025-04-08 02:00:02,126
u19,s18,2025-03-30 07:28:48,226
u12,s41,2025-03-28 17:57:12,75
u18,s48,2025-04-03 05:19:57,147
u19,s34,2025-03-31 20:53:15,278
u10,s22,2025-03-31 08:24:28,124
u1,s85,2025-03-31 08:06:18,244
u18,s4,2025-04-07 02:48:42,295
u6,s59,2025-04-12 22:08:44,236
u7,s67,2025-04-07 03:26:55,231
u20,s90,2025-03-26 11:20:44,176
u11,s5,2025-04-07 15:25:57,61
u12,s29,2025-03-24 16:40:24,69
u3,s26,2025-03-20 18:50:02,260
u10,s83,2025-03-27 19:38:08,34
u14,s39,2025-04-03 14:55:47,169
u10,s30,2025-03-16 16:47:30,231
u4,s46,2025-03-29 23:22:50,299
u4,s80,2025-03-19 23:44:52,232
u3,s37,2025-03-23 23:26:50,41
u18,s17,2025-03-18 04:57:41,263
u10,s73,2025-03-19 04:07:23,245
u15,s79,2025-04-01 03:30:00,132
u14,s54,2025-03-18 02:50:48,274
u4,s67,2025-03-31 23:49:01,272
u11,s72,2025-04-02 12:48:20,175
u12,s77,2025-04-08 21:46:41,216
u17,s13,2025-03-26 07:54:43,253
u13,s23,2025-03-17 09:05:55,72
u12,s22,2025-04-13 23:08:28,65
u18,s100,2025-04-06 17:26:20,282
u11,s37,2025-03-23 05:17:21,168
u1,s93,2025-04-01 22:53:53,269
u11,s98,2025-04-02 10:04:37,140
u3,s77,2025-03-25 14:58:19,49
u11,s52,2025-03-21 06:25:38,241
u12,s12,2025-03-21 00:23:12,147
u16,s68,2025-03-20 17:54:32,246
u18,s100,2025-03-26 03:04:25,81
u6,s86,2025-04-04 05:28:46,249
u19,s1,2025-03-29 08:31:06,192
u16,s96,2025-03-22 23:06:42,230
u6,s11,2025-04-04 17:21:05,280
u9,s5,2025-03-18 20:34:27,67
u8,s58,2025-03-19 11:41:55,111
u4,s9,2025-03-19 23:48:14,147
u1,s8,2025-03-31 04:19:24,252
u6,s20,2025-04-08 17:49:55,118
u20,s27,2025-03-31 07:42:55,95
u20,s68,2025-04-02 04:00:37,287
u11,s81,2025-03-20 14:23:06,166
u7,s20,2025-03-25 16:37:16,207
u8,s62,2025-03-23 23:22:55,65
u20,s75,2025-04-10 22:00:16,138
u8,s92,2025-03-30 05:08:45,283
u20,s71,2025-03-27 07:30:39,201
u4,s35,2025-03-18 12:15:51,202
u11,s30,2025-04-03 16:18:33,181
u18,s18,2025-03-22 00:14:20,105
u6,s81,2025-04-09 22:39:10,212
u16,s34,2025-03-31 09:50:05,165
u12,s16,2025-03-22 09:38:15,236
u12,s3,2025-03-29 06:07:35,133
u2,s74,2025-04-12 03:00:45,184
u7,s31,2025-03-19 01:38:13,110
u5,s79,2025-03-27 21:46:02,158
u13,s94,2025-03-20 21:21:10,109
u12,s91,2025-04-03 13:09:52,291
u16,s43,2025-03-31 14:57:11,254
u6,s76,2025-03-25 06:45:11,295
u5,s93,2025-04-10 01:20:23,131
u19,s55,2025-04-06 23:21:11,173
u12,s40,2025-04-10 01:04:31,68
u14,s47,2025-03-18 19:32:40,196
u19,s84,2025-03-23 18:27:06,202
u1,s43,2025-03-23 11:22:36,243
u16,s92,2025-03-16 22:09:13,145
u12,s58,2025-04-06 16:27:30,48
u12,s85,2025-03-30 00:18:40,92
u10,s31,2025-04-04 21:53:48,80
u14,s98,2025-04-01 04:30:32,120
u20,s59,2025-03-18 11:21:55,177
u19,s76,2025-04-03 15:35:02,50
u8,s66,2025-03-17 14:57:30,236
u18,s25,2025-03-21 01:29:21,243
u15,s94,2025-04-07 16:39:00,133
u10,s81,2025-03-25 22:12:21,197
u15,s40,2025-03-15 09:13:18,179
u4,s37,2025-03-29 05:52:13,65
u7,s54,2025-03-23 18:18:33,216
u9,s74,2025-03-29 10:37:43,44
u14,s33,2025-04-05 02:20:30,48
u7,s45,2025-03-28 20:28:35,126
u16,s80,2025-03-29 20:33:18,129
u5,s72,2025-03-31 18:02:28,187
u6,s42,2025-04-13 17:28:51,184
u3,s26,2025-03-19 21:35:28,97
u20,s6,2025-04-12 18:20:00,35
u12,s91,2025-04-11 06:59:45,257
u17,s77,2025-04-05 00:15:16,136
u6,s9,2025-03-19 09:56:09,231
u5,s44,2025-03-21 09:42:40,267
u6,s28,2025-03-20 18:19:05,217
u2,s5,2025-04-08 01:42:44,181
u18,s14,2025-03-31 13:34:34,231
u5,s70,2025-04-08 21:37:52,177
u1,s12,2025-04-01 05:34:47,273
u2,s7,2025-03-25 03:00:54,266
u17,s33,2025-03-28 00:56:57,181
u19,s53,2025-04-08 21:33:56,150
u6,s57,2025-04-09 23:13:03,165
u13,s58,2025-03-19 10:42:22,67
u20,s19,2025-04-03 19:42:20,30
u7,s94,2025-04-04 08:29:41,181
u12,s96,2025-04-07 19:49:40,203
u10,s52,2025-03-17 23:27:08,203
u19,s9,2025-04-01 09:49:32,78
u6,s36,2025-03-20 02:44:31,237
u1,s4,2025-03-27 06:41:46,187
u12,s19,2025-03-17 15:17:29,173
u10,s28,2025-04-02 17:49:36,191
u8,s59,2025-03-25 20:37:32,253
u11,s45,2025-03-19 03:41:39,83
u6,s69,2025-04-13 03:42:15,62
u6,s86,2025-03-26 02:18:31,50
u11,s95,2025-03-21 18:48:06,230
u3,s17,2025-03-25 11:21:07,220
u3,s30,2025-04-08 16:28:04,113
u6,s89,2025-04-10 08:00:00,32
u18,s61,2025-03-28 16:54:00,300
u14,s100,2025-04-10 22:49:23,118
u12,s64,2025-04-07 11:55:03,93
u9,s47,2025-03-28 11:30:17,42
u12,s69,2025-04-12 05:21:56,165
u9,s51,2025-04-05 17:27:00,75
u7,s94,2025-04-02 05:39:48,177
u5,s77,2025-03-22 10:14:16,274
u16,s31,2025-04-09 11:47:15,122
u4,s4,2025-03-16 04:49:07,44
u7,s93,2025-03-20 06:56:11,104
u16,s7,2025-03-21 02:15:44,169
u20,s61,2025-03-26 11:31:23,156
u9,s89,2025-04-12 19:11:56,243
u6,s47,2025-03-17 08:29:00,77
u1,s86,2025-03-24 07:05:02,294
u7,s80,2025-04-04 20:34:53,101
u9,s64,2025-04-06 11:06:05,226
u18,s76,2025-03-15 12:49:45,44
u6,s98,2025-04-12 19:16:28,165
u8,s89,2025-03-26 10:29:19,251
u6,s39,2025-03-20 21:18:42,53
u17,s2,2025-03-15 20:04:21,60
u17,s12,2025-03-17 01:43:17,265
u11,s8,2025-04-02 12:14:29,285
u6,s6,2025-04-06 06:36:46,97
u2,s42,2025-03-24 17:12:11,170
u20,s10,2025-03-23 17:35:40,127
u13,s78,2025-03-23 09:43:32,82
u20,s81,2025-03-15 22:36:09,73
u12,s29,2025-04-13 03:59:42,62
u15,s72,2025-03-18 11:54:56,279
u3,s4,2025-03-19 03:08:40,235
u12,s59,2025-03-31 15:09:26,221
u1,s8,2025-03-15 13:05:35,61
u13,s57,2025-03-20 22:10:18,251
u20,s9,2025-03-20 22:50:45,282
u14,s20,2025-03-26 23:11:50,93
u3,s9,2025-04-07 20:14:48,210
u2,s25,2025-04-02 10:38:41,138
u13,s80,2025-03-23 20:55:10,59
u1,s49,2025-03-18 06:43:52,199
u18,s18,2025-03-20 21:15:41,184
u1,s58,2025-03-18 17:24:33,55
u6,s100,2025-04-03 19:04:35,254
u18,s71,2025-04-03 00:03:13,228
